{
    "camera":
    {
        "look_at": [0,0,1],
        "offset" : -1000
    },
    "vcs":
    {
        "origin" : [0,0,95],
        "up"     : [0,1,0]
    },
    "background":
    {
        "offset" : 2000,
        "color"  : [100,0,0]
    },
    "lights":
    {
        "size"   : 2,
        "0":
        {
            "color" : [127,127,127],
            "loc"   : [400,200,215]
        },
        "1":
        {
            "color" : [127,127,127],
            "loc"   : [200,500,250]
        }
    },
    "objects":
    {
        "size"   : 5,
        "1":
        {
            "name"  : "plane",
            "pt"    : [-100,0,0],
            "normal": [1, 0, 0],
            "kd"    : [0.1, 0.1, 0.1],
            "ks"    : [0, 0, 0],
            "ka"    : [0.5, 0.5, 0.8],
            "reflectivity" : 0.2
        },
        "2":
        {
            "name"  : "plane",
            "pt"    : [3000,0,0],
            "normal": [-1, 0, 0],
            "kd"    : [0.1, 0.1, 0.1],
            "ks"    : [0, 0, 0],
            "ka"    : [0.5, 0.5, 0.8]
        },
        "0":
        {
            "name"  : "plane",
            "pt"    : [0,1000,0],
            "normal": [0, -1, 0],
            "kd"    : [0.1, 0.1, 0.1],
            "ks"    : [0, 0, 0],
            "ka"    : [0.5, 0.5, 0.8]
        },
        "3":
        {
            "name"  : "plane",
            "pt"    : [0,-500,0],
            "normal": [0, 1, 0],
            "kd"    : [0.1, 0.1, 0.1],
            "ks"    : [0, 0, 0],
            "ka"    : [0.5, 0.5, 0.8]
        },
        "7":
        {
            "name"  : "quadric",
            "mat"   : [0, 0, 0, 0, 1, 0, 0, 1, -420, 166400],
            "reflectivity" : 0.6,
            "transparency" : 0.3,
            "ka"    : [0.0215, 0.1745, 0.0215],
            "kd"    : [0.07568, 0.61424, 0.07568],
            "ks"    : [0.633, 0.727811, 0.633],
            "mu"    : 1.5,
            "s_exp" : 30
        },
        "6":
        {
            "name"  : "quadric",
            "mat"   : [0, 0, 0, 0, 1, 0, -200, 1, -300, 129375],
            "reflectivity" : 0.6,
            "transparency" : 0,
            "ka"    : [0.24725, 0.1995, 0.0745],
            "kd"    : [0.75164, 0.60648, 0.22648],
            "ks"    : [0.628281, 0.555802, 0.366065],
            "mu"    : 1.5,
            "s_exp" : 30
        },
        "5":
        {
            "name"  : "sphere",
            "pt"    : [0,-200,320],
            "radius": 100,
            "reflectivity" : 0.6,
            "transparency" : 0,
            "ka"    : [0.24725, 0.1995, 0.0745],
            "kd"    : [0.75164, 0.60648, 0.22648],
            "ks"    : [0.628281, 0.555802, 0.366065],
            "mu"    : 1.5,
            "s_exp" : 30            
        },
        "8":
        {
            "name"  : "sphere",
            "pt"    : [0,0,215],
            "radius": 200,
            "reflectivity" : 0.6,
            "transparency" : 0.3,
            "ka"    : [0.0215, 0.1745, 0.0215],
            "kd"    : [0.07568, 0.61424, 0.07568],
            "ks"    : [0.633, 0.727811, 0.633],
            "mu"    : 1.5,
            "s_exp" : 1
            
        },
        "4":
        {
            "name"  : "box",
            "a"     : [-100,  -50,  -25],
            "b"     : [-100,   50,  -25],
            "d"     : [100, -50, -25],
            "e"     : [-100,  -50,   25],
            "reflectivity" : 0.3,
            "transparency" : 0.6,
            "ka"    : [0.0215, 0.1745, 0.0215],
            "kd"    : [0.07568, 0.61424, 0.07568],
            "ks"    : [0.633, 0.727811, 0.633],
            "mu"    : 1.5,
            "s_exp" : 1,
            "M": [1,0,0,0,0.8,-0.6,0,0.6,0.8],
            "d0": [100, -300, 150]
        }       
    }
}