{
    "camera":
    {
        "look_at": [0,0.2,1],
        "offset" : -800
    },
    "vcs":
    {
        "origin" : [100,200,450],
        "up"     : [0,1,0]
    },
    "background":
    {
        "offset" : 2000,
        "color"  : [100,0,0]
    },
    "lights":
    {
        "size"   : 2,
        "0":
        {
            "color" : [127,127,127],
            "loc"   : [400,200,215]
        },
        "1":
        {
            "color" : [127,127,127],
            "loc"   : [200,500,250]
        }
    },
    "objects":
    {
        "size"   : 8,
        "1":
        {
            "name"  : "plane",
            "pt"    : [-100,0,0],
            "normal": [1, 0, 0],
            "kd"    : [0.50754,  0.50754, 0.50754],
            "ks"    : [0.508273, 0.508273,  0.508273],
            "ka"    : [0.19225,  0.19225, 0.19225],
            "reflectivity" : 0.2,
            "s_exp": 51.2
        },
        "2":
        {
            "name"  : "plane",
            "pt"    : [1000,0,0],
            "normal": [-1, 0, 0],
            "kd"    : [0.50754,  0.50754, 0.50754],
            "ks"    : [0.508273, 0.508273,  0.508273],
            "ka"    : [0.19225,  0.19225, 0.19225],
            "reflectivity" : 0.2,
            "s_exp": 51.2
        },
        "0":
        {
            "name"  : "plane",
            "pt"    : [0,502,0],
            "normal": [0, -1, 0],
            "kd"    : [0.50754,  0.50754, 0.50754],
            "ks"    : [0.508273, 0.508273,  0.508273],
            "ka"    : [0.19225,  0.19225, 0.19225],
            "reflectivity" : 0.2,
            "s_exp": 51.2
        },
        "3":
        {
            "name"  : "plane",
            "pt"    : [0,-500,0],
            "normal": [0, 1, 0],
            "kd"    : [0.50754,  0.50754, 0.50754],
            "ks"    : [0.508273, 0.508273,  0.508273],
            "ka"    : [0.19225,  0.19225, 0.19225],
            "reflectivity" : 0.2,
            "s_exp": 51.2
        },
        "6":
        {
            "name"  : "quadric",
            "mat"   : [0, 0, 0, 0, 1, 0, 0, 1, 0, -40000],
            "reflectivity" : 0.6,
            "transparency" : 0.3,
            "ka"    : [0.0215, 0.1745, 0.0215],
            "kd"    : [0.07568, 0.61424, 0.07568],
            "ks"    : [0.633, 0.727811, 0.633],
            "mu"    : 1.5,
            "s_exp" : 30,
            "M": [1,0,0,0.5,1,0,0,0,1],
            "d0": [0,0,600]

        },
        "4":
        {
            "name"  : "quadric",
            "mat"   : [1, 0, 0, 0, 0, 0, 0, 1, 0, -100],
            "reflectivity" : 0.6,
            "transparency" : 0,
            "ka"    : [0.24725, 0.1995, 0.0745],
            "kd"    : [0.75164, 0.60648, 0.22648],
            "ks"    : [0.628281, 0.555802, 0.366065],
            "mu"    : 1.5,
            "s_exp" : 30,
            "M": [2,0,0,0,2,0,0,0,2],  
            "d0": [300,0,200]
        },
        "7":
        {
            "name"  : "sphere",
            "pt"    : [0,0,0],
            "radius": 100,
            "reflectivity" : 0.6,
            "transparency" : 0,
            "ka"    : [0.24725, 0.1995, 0.0745],
            "kd"    : [0.75164, 0.60648, 0.22648],
            "ks"    : [0.628281, 0.555802, 0.366065],
            "mu"    : 1.5,
            "s_exp" : 30,
            "M": [1,0,0,-0.2,1,0,0,0,1],
            "d0": [200,-200,100] 
        },
        "5":
        {
            "name"  : "sphere",
            "pt"    : [0,0,0],
            "radius": 100,
            "reflectivity" : 0.6,
            "transparency" : 0.6,
            "ka"    : [0.0215, 0.1745, 0.0215],
            "kd"    : [0.07568, 0.61424, 0.07568],
            "ks"    : [0.633, 0.727811, 0.633],
            "mu"    : 1.5,
            "s_exp" : 30,
            "M": [2,0,0,0,2,0,0,0,2],
            "d0": [-100,0,200]
            
        },
        "8":
        {
            "name"  : "box",
            "a"     : [-100,  -50,  -25],
            "b"     : [-100,   50,  -25],
            "d"     : [100, -50, -25],
            "e"     : [-100,  -50,   25],
            "reflectivity" : 0.3,
            "transparency" : 0.6,
            "ka"    : [0.0215, 0.1745, 0.0215],
            "kd"    : [0.07568, 0.61424, 0.07568],
            "ks"    : [0.633, 0.727811, 0.633],
            "mu"    : 1.5,
            "s_exp" : 5,
            "M": [1,0,0,0,2,0,0,0,3],            
            "d0": [0, 0, 0]
        }       
    }
}