{
    "camera":
    {
        "look_at": [-0.5,0,1],
        "offset" : -4
    },
    "vcs":
    {
        "origin" : [1,0,-3],
        "up"     : [0,1,0]
    },
    "background":
    {
        "offset" : 9.05,
        "color"  : [100,0,0]
    },
    "lights":
    {
        "size"   : 2,
        "0":
        {
            "color" : [127,127,127],
            "loc"   : [4,2,-2.15]
        },
        "1":
        {
            "color" : [127,127,127],
            "loc"   : [2,5,-2.5]
        }
    },
    "objects":
    {
        "size"   : 1,
        "4":
        {
            "name"  : "plane",
            "pt"    : [-4,0,0],
            "normal": [1, 0, 0],
            "kd"    : [0.1, 0.1, 0.1],
            "ks"    : [0, 0, 0],
            "ka"    : [0.5, 0.5, 0.8],
            "reflectivity" : 0.2
        },
        "1":
        {
            "name"  : "plane",
            "pt"    : [10,0,0],
            "normal": [-1, 0, 0],
            "kd"    : [0.1, 0.1, 0.1],
            "ks"    : [0, 0, 0],
            "ka"    : [0.5, 0.5, 0.8]
        },
        "2":
        {
            "name"  : "plane",
            "pt"    : [0,10,0],
            "normal": [0, -1, 0],
            "kd"    : [0.1, 0.1, 0.1],
            "ks"    : [0, 0, 0],
            "ka"    : [0.5, 0.5, 0.8]
        },
        "3":
        {
            "name"  : "plane",
            "pt"    : [0,-5,0],
            "normal": [0, 1, 0],
            "kd"    : [0.1, 0.1, 0.1],
            "ks"    : [0, 0, 0],
            "ka"    : [0.5, 0.5, 0.8]
        },
        "6":
        {
            "name"  : "quadric",
            "mat"   : [0, 0, 0, 0, 1, 0, 0, 1, -420, 166400],
            "reflectivity" : 0.6,
            "transparency" : 0,
            "ka"    : [0.24725, 0.1995, 0.0745],
            "kd"    : [0.75164, 0.60648, 0.22648],
            "ks"    : [0.628281, 0.555802, 0.366065],
            "mu"    : 1.5,
            "s_exp" : 30
        },
        "10":
        {
            "name"  : "quadric",
            "mat"   : [0, 0, 0, 0, 1, 0, 0, 1, -300, 80000],
            "reflectivity" : 0.6,
            "transparency" : 0,
            "ka"    : [0.24725, 0.1995, 0.0745],
            "kd"    : [0.75164, 0.60648, 0.22648],
            "ks"    : [0.628281, 0.555802, 0.366065],
            "mu"    : 1.5,
            "s_exp" : 30,
            "texture" :
            {
            	"type" : "cylindrical",
            	"file" : "pexels.ppm",
            	"center" : [-100,0,300],
            	"x"		 : [0,1,0],
            	"z"		 : [1,0,0]
            }
        },
        "5":
        {
            "name"  : "sphere",
            "pt"    : [0,0,4.2],
            "radius": 2.5,
            "reflectivity" : 0.6,
            "transparency" : 0,
            "ka"    : [0.24725, 0.1995, 0.0745],
            "kd"    : [0.75164, 0.60648, 0.22648],
            "ks"    : [0.628281, 0.555802, 0.366065],
            "mu"    : 1.5,
            "s_exp" : 30,
            "texture" :
            {
            	"type" : "spherical",
            	"file" : "pexels.ppm",
            	"center" : [0,0,4.2],
            	"x"		 : [1,0,0],
            	"z"		 : [0,0,1]
            }
        },
        "8":
        {
            "name"  : "sphere",
            "pt"    : [0,2,2.15],
            "radius": 1,
            "reflectivity" : 0.3,
            "transparency" : 0.6,
            "ka"    : [0.0215, 0.1745, 0.0215],
            "kd"    : [0.07568, 0.61424, 0.07568],
            "ks"    : [0.633, 0.727811, 0.633],
            "mu"    : 1.5,
            "s_exp" : 1
        },
        "7":
        {
            "name"  : "box",
            "a"     : [0, -1, 1],
            "b"     : [0, -0.5, 1],
            "d"     : [2, -1, 1],
            "e"     : [0, -1, 1.5],
            "reflectivity" : 0.6,
            "transparency" : 0,
            "ka"    : [0.24725, 0.1995, 0.0745],
            "kd"    : [0.75164, 0.60648, 0.22648],
            "ks"    : [0.628281, 0.555802, 0.366065],
            "mu"    : 1.5,
            "s_exp" : 30,
            "texture" :
            {
                "type" : "planar",
            	"file" : "pexels.ppm",
            	"z"		 : [0,0,1],
            	"x"		 : [1,0,0]
            }
        },
        "9":
        {
            "name"  : "polygon",
            "sides" : 4,
            "0"     : [0,0,0],
            "1"     : [0,0.5,0],
            "2"     : [0,0,0.5],
            "3"     : [0,0.5,0.5]
        },
        "0":
        {
        	"name"	: "mesh",
        	"file"	: "dodecahedron.obj",
        	"reflectivity" : 0.6,
            "transparency" : 0.2,
            "ka"    : [0.24725, 0.1995, 0.0745],
            "kd"    : [0.75164, 0.60648, 0.22648],
            "ks"    : [0.628281, 0.555802, 0.366065],
            "mu"    : 1.1,
            "s_exp" : 30,
            "texture" :
            {
                "type" : "spherical",
                "file" : "pexels.ppm",
                "center" : [0,0,0],
                "x"      : [1,0,0],
                "z"      : [0,0,1]
            },
            "M": [1,0,0,0,1,0,0,0,1],
            "d0": [100,100,0]
        }
    }
}