{
    "camera":
    {
        "look_at": [0,0,1],
        "offset" : -20
    },
    "vcs":
    {
        "origin" : [0,0,-0.5],
        "up"     : [0,1,0]
    },
    "background":
    {
        "offset" : 20,
        "color"  : [100,0,0]
    },
    "lights":
    {
        "size"   : 2,
        "0":
        {
            "color" : [127,127,127],
            "loc"   : [4,2,2.15]
        },
        "1":
        {
            "color" : [127,127,127],
            "loc"   : [2,5,2.5]
        }
    },
    "objects":
    {
        "size"   : 6,
        "5":
        {
            "name": "polygon",
            "sides": 5,
            "0": [0,0,10],
            "1": [0,5,10],
            "2": [0,2.5,12.5],
            "3": [0,5,15],
            "4": [0,0,15],
            "ka": [1,0.5,0]
        },
        "9":
        {
            "name"  : "plane",
            "pt"    : [-1,0,0],
            "normal": [1, 0, 0],
            "kd"    : [0.1, 0.1, 0.1],
            "ks"    : [0, 0, 0],
            "ka"    : [0.5, 0.5, 0.8],
            "reflectivity" : 0.2
        },
        "7":
        {
            "name"  : "plane",
            "pt"    : [30,0,0],
            "normal": [-1, 0, 0],
            "kd"    : [0.1, 0.1, 0.1],
            "ks"    : [0, 0, 0],
            "ka"    : [0.5, 0.5, 0.8]
        },
        "6":
        {
            "name"  : "plane",
            "pt"    : [0,5.02,0],
            "normal": [0, -1, 0],
            "kd"    : [0.1, 0.1, 0.1],
            "ks"    : [0, 0, 0],
            "ka"    : [0.5, 0.5, 0.8]
        },
        "8":
        {
            "name"  : "plane",
            "pt"    : [0,-5,0],
            "normal": [0, 1, 0],
            "kd"    : [0.1, 0.1, 0.1],
            "ks"    : [0, 0, 0],
            "ka"    : [0.5, 0.5, 0.8]
        },
        "3":
        {
            "name"  : "quadric",
            "mat"   : [0, 0, 0, 0, 1, 0, 0, 1, -420, 166400],
            "reflectivity" : 0.6,
            "transparency" : 0.3,
            "ka"    : [0.0215, 0.1745, 0.0215],
            "kd"    : [0.07568, 0.61424, 0.07568],
            "ks"    : [0.633, 0.727811, 0.633],
            "mu"    : 1.5,
            "s_exp" : 30
        },
        "2":
        {
            "name"  : "quadric",
            "mat"   : [1, 0, 0, -1, 0, 0, 0, 1, -2, 496],
            "reflectivity" : 0.6,
            "transparency" : 0,
            "ka"    : [0.24725, 0.1995, 0.0745],
            "kd"    : [0.75164, 0.60648, 0.22648],
            "ks"    : [0.628281, 0.555802, 0.366065],
            "mu"    : 1.5,
            "s_exp" : 30
        },
        "1":
        {
            "name"  : "sphere",
            "pt"    : [0,-2,3.2],
            "radius": 1,
            "reflectivity" : 0.6,
            "transparency" : 0,
            "ka"    : [0.24725, 0.1995, 0.0745],
            "kd"    : [0.75164, 0.60648, 0.22648],
            "ks"    : [0.628281, 0.555802, 0.366065],
            "mu"    : 1.5,
            "s_exp" : 30            
        },
        "4":
        {
            "name"  : "sphere",
            "pt"    : [0,0,2.15],
            "radius": 1,
            "reflectivity" : 0.6,
            "transparency" : 0.3,
            "ka"    : [0.0215, 0.1745, 0.0215],
            "kd"    : [0.07568, 0.61424, 0.07568],
            "ks"    : [0.633, 0.727811, 0.633],
            "mu"    : 1.5,
            "s_exp" : 100,
            "M": [2,0,0,0,2,0,0,0,2],
            "d0": [0,0,0]
            
        },
        "0":
        {
            "name"  : "box",
            "a"     : [-1,  -0.5,  -0.25],
            "b"     : [-1,   0.5,  -0.25],
            "d"     : [1, -0.5, -0.25],
            "e"     : [-1,  -0.5,   0.25],
            "reflectivity" : 0.3,
            "transparency" : 0.6,
            "ka"    : [0.0215, 0.1745, 0.0215],
            "kd"    : [0.07568, 0.61424, 0.07568],
            "ks"    : [0.633, 0.727811, 0.633],
            "mu"    : 1.5,
            "s_exp" : 5            
        }       
    }
}